PassengerId,Cluster
0013_01,3
0018_01,9
0019_01,17
0021_01,18
0023_01,9
0027_01,9
0029_01,17
0032_01,1
0032_02,17
0033_01,9
0037_01,9
0040_01,18
0040_02,18
0042_01,3
0046_01,9
0046_02,9
0046_03,9
0047_01,1
0047_02,4
0047_03,18
0048_01,9
0049_01,9
0054_01,17
0054_02,4
0054_03,18
0055_01,9
0057_01,19
0059_01,3
0060_01,9
0063_01,3
0065_01,3
0075_01,9
0079_01,3
0080_01,9
0083_01,9
0087_01,9
0089_01,3
0093_01,9
0094_01,5
0094_02,9
0095_01,8
0096_01,8
0100_01,9
0100_02,5
0104_01,9
0106_01,3
0109_01,9
0117_01,8
0118_01,9
0121_01,9
0124_01,3
0125_01,17
0125_02,13
0130_01,3
0131_01,9
0132_01,13
0135_01,9
0137_01,3
0142_01,5
0142_02,13
0142_03,5
0143_01,19
0145_01,9
0150_01,1
0150_02,1
0153_01,9
0154_01,8
0155_01,9
0156_01,3
0157_01,18
0158_01,9
0158_02,9
0159_01,9
0161_01,9
0162_01,3
0166_01,9
0168_01,1
0175_01,5
0175_02,5
0175_03,5
0175_04,14
0175_05,14
0176_01,8
0180_01,9
0184_01,13
0185_01,13
0187_01,3
0191_01,9
0194_01,1
0194_02,17
0194_03,12
0204_01,8
0208_01,9
0209_01,7
0214_01,18
0214_02,13
0215_01,3
0218_01,9
0226_01,19
0227_01,16
0228_01,1
0228_02,4
0228_03,17
0228_04,6
0230_01,8
0230_02,9
0235_01,3
0236_01,3
0238_01,13
0247_01,17
0247_02,17
0249_01,9
0256_01,8
0259_01,13
0262_01,9
0264_01,17
0264_02,1
0264_03,7
0266_01,13
0266_02,13
0268_01,13
0268_02,13
0271_01,9
0272_01,13
0273_01,19
0273_02,3
0273_03,13
0274_01,13
0274_02,3
0276_01,18
0276_02,1
0279_01,9
0280_01,9
0284_01,13
0292_01,9
0293_01,3
0295_01,8
0296_01,13
0299_01,9
0300_01,4
0308_01,8
0311_01,9
0312_01,3
0317_01,9
0318_01,8
0319_01,13
0319_02,17
0323_01,0
0325_01,9
0328_01,9
0329_01,17
0332_01,3
0335_01,3
0339_01,9
0339_02,14
0339_03,14
0339_04,14
0339_05,14
0339_06,14
0339_07,14
0339_08,14
0342_01,8
0342_02,8
0344_01,1
0344_02,19
0349_01,6
0349_02,1
0349_03,18
0349_04,17
0349_05,18
0349_06,18
0351_01,3
0353_01,5
0353_02,8
0354_01,8
0362_01,9
0363_01,9
0363_02,5
0363_03,5
0364_01,13
0364_02,13
0366_01,3
0367_01,18
0374_01,9
0374_02,16
0386_01,13
0390_01,3
0393_01,13
0394_01,9
0399_01,3
0400_01,1
0404_01,13
0406_01,9
0414_01,9
0416_01,9
0418_01,9
0419_01,9
0419_02,8
0419_03,8
0420_01,9
0421_01,19
0422_01,9
0424_01,13
0426_01,9
0440_01,13
0443_01,3
0450_01,8
0451_01,17
0455_01,9
0464_01,3
0467_01,3
0467_02,3
0467_03,17
0467_04,13
0469_01,18
0473_01,9
0478_01,7
0478_02,17
0479_01,17
0483_01,1
0483_02,1
0484_01,3
0486_01,9
0489_01,3
0489_02,3
0491_01,8
0492_01,13
0493_01,3
0494_01,17
0494_02,18
0495_01,5
0495_02,5
0495_03,5
0495_04,14
0495_05,14
0495_06,14
0496_01,5
0496_02,8
0497_01,3
0505_01,9
0508_01,13
0509_01,3
0511_01,9
0514_01,3
0524_01,18
0526_01,3
0530_01,18
0530_02,18
0530_03,17
0532_01,18
0532_02,1
0535_01,8
0536_01,13
0536_02,13
0541_01,1
0543_01,3
0544_01,4
0554_01,13
0557_01,3
0557_02,3
0558_01,9
0562_01,13
0562_02,3
0574_01,13
0578_01,3
0578_02,9
0584_01,3
0584_02,9
0592_01,9
0595_01,3
0601_01,9
0604_01,9
0605_01,9
0606_01,8
0613_01,1
0613_02,1
0616_01,9
0617_01,13
0620_01,12
0620_02,13
0620_03,13
0621_01,9
0622_01,7
0624_01,18
0625_01,5
0625_02,3
0625_03,17
0626_01,17
0626_02,1
0626_03,12
0627_01,13
0632_01,9
0632_02,8
0632_03,5
0640_01,1
0640_02,17
0648_01,13
0648_02,13
0649_01,5
0651_01,1
0652_01,5
0652_02,5
0652_03,5
0652_04,14
0652_05,14
0654_01,9
0662_01,9
0666_01,3
0666_02,9
0667_01,13
0670_01,13
0670_02,13
0673_01,3
0675_01,9
0676_01,9
0681_01,3
0692_01,9
0694_01,8
0695_01,3
0698_01,9
0700_01,9
0706_01,3
0708_01,1
0708_02,17
0711_01,13
0716_01,13
0717_01,1
0717_02,18
0717_03,1
0717_04,1
0717_05,18
0717_06,18
0717_07,14
0720_01,3
0720_02,3
0720_03,13
0721_01,9
0722_01,13
0723_01,9
0725_01,8
0730_01,9
0731_01,9
0731_02,9
0735_01,13
0739_01,16
0741_01,9
0742_01,13
0742_02,3
0744_01,17
0745_01,9
0747_01,13
0748_01,3
0748_02,13
0749_01,3
0751_01,3
0752_01,3
0755_01,18
0758_01,18
0758_02,17
0758_03,18
0759_01,17
0759_02,18
0759_03,1
0760_01,9
0763_01,1
0763_02,18
0766_01,3
0774_01,18
0774_02,18
0774_03,1
0775_01,5
0775_02,1
0775_03,1
0775_04,6
0775_05,18
0775_06,17
0778_01,1
0778_02,18
0780_01,3
0783_01,9
0792_01,8
0800_01,12
0801_01,3
0803_01,9
0804_01,17
0807_01,13
0810_01,13
0812_01,3
0814_01,12
0821_01,3
0827_01,18
0827_02,1
0827_03,17
0831_01,8
0832_01,8
0837_01,1
0837_02,18
0838_01,3
0838_02,13
0841_01,8
0842_01,3
0843_01,8
0844_01,3
0847_01,9
0852_01,1
0854_01,8
0855_01,1
0856_01,9
0857_01,18
0858_01,13
0858_02,3
0861_01,9
0862_01,3
0864_01,13
0864_02,3
0864_03,5
0866_01,3
0872_01,9
0880_01,8
0880_02,3
0882_01,9
0884_01,9
0884_02,16
0886_01,13
0886_02,3
0886_03,5
0887_01,6
0887_02,18
0888_01,13
0888_02,19
0891_01,13
0892_01,1
0892_02,17
0892_03,17
0894_01,17
0895_01,9
0896_01,9
0897_01,17
0897_02,1
0900_01,8
0908_01,3
0909_01,13
0909_02,5
0909_03,3
0914_01,4
0916_01,9
0917_01,13
0920_01,4
0929_01,9
0934_01,9
0936_01,9
0937_01,3
0943_01,3
0943_02,5
0943_03,13
0945_01,13
0945_02,13
0948_01,9
0950_01,3
0954_01,8
0958_01,9
0959_01,8
0962_01,9
0963_01,1
0967_01,9
0973_01,9
0974_01,9
0977_01,8
0980_01,9
0981_01,9
0981_02,3
0986_01,7
0986_02,17
0996_01,8
0999_01,8
0999_02,9
1003_01,9
1007_01,9
1009_01,13
1010_01,3
1016_01,7
1021_01,9
1023_01,3
1028_01,8
1037_01,3
1039_01,9
1042_01,12
1044_01,9
1050_01,3
1055_01,9
1059_01,17
1059_02,17
1061_01,17
1064_01,9
1064_02,5
1067_01,8
1069_01,17
1070_01,9
1072_01,8
1072_02,5
1072_03,14
1072_04,14
1072_05,14
1072_06,14
1072_07,14
1072_08,14
1073_01,9
1074_01,5
1074_02,8
1081_01,9
1087_01,13
1090_01,1
1090_02,6
1092_01,3
1098_01,13
1101_01,9
1103_01,13
1104_01,17
1106_01,13
1106_02,3
1107_01,9
1109_01,8
1111_01,5
1111_02,5
1111_03,9
1118_01,18
1118_02,1
1118_03,1
1118_04,18
1118_05,18
1119_01,12
1119_02,3
1120_01,8
1122_01,3
1124_01,1
1124_02,1
1124_03,18
1125_01,9
1125_02,3
1126_01,3
1128_01,17
1128_02,1
1131_01,17
1135_01,6
1135_02,18
1135_03,18
1135_04,4
1137_01,18
1137_02,12
1138_01,18
1139_01,8
1143_01,9
1145_01,5
1145_02,13
1145_03,13
1145_04,5
1151_01,9
1157_01,9
1158_01,3
1158_02,3
1159_01,8
1159_02,8
1159_03,8
1160_01,13
1164_01,9
1171_01,9
1172_01,3
1176_01,13
1181_01,9
1183_01,1
1183_02,12
1183_03,17
1184_01,1
1184_02,9
1189_01,9
1194_01,13
1196_01,13
1196_02,13
1200_01,17
1201_01,6
1201_02,18
1202_01,13
1204_01,9
1205_01,9
1207_01,5
1207_02,5
1207_03,5
1207_04,9
1209_01,18
1209_02,18
1217_01,17
1217_02,1
1219_01,18
1219_02,17
1224_01,3
1224_02,13
1226_01,3
1226_02,3
1227_01,1
1237_01,9
1241_01,9
1244_01,3
1245_01,3
1247_01,3
1249_01,9
1251_01,3
1252_01,9
1253_01,9
1257_01,1
1257_02,1
1257_03,19
1257_04,18
1262_01,5
1262_02,9
1265_01,3
1266_01,13
1268_01,3
1270_01,18
1272_01,9
1275_01,9
1276_01,3
1277_01,9
1290_01,13
1296_01,8
1297_01,9
1298_01,9
1301_01,9
1301_02,5
1301_03,3
1303_01,9
1305_01,9
1313_01,9
1314_01,8
1315_01,9
1318_01,3
1319_01,18
1319_02,18
1320_01,8
1320_02,5
1320_03,5
1321_01,3
1321_02,5
1321_03,13
1321_04,13
1327_01,3
1329_01,13
1334_01,9
1338_01,17
1338_02,1
1339_01,3
1341_01,9
1341_02,5
1341_03,9
1343_01,6
1343_02,18
1343_03,18
1344_01,8
1346_01,9
1349_01,3
1349_02,17
1354_01,13
1354_02,5
1354_03,17
1354_04,14
1354_05,14
1354_06,14
1354_07,14
1358_01,3
1358_02,13
1359_01,9
1361_01,3
1361_02,13
1363_01,9
1364_01,8
1364_02,9
1367_01,8
1369_01,9
1369_02,8
1369_03,9
1372_01,3
1373_01,9
1374_01,12
1388_01,8
1392_01,18
1394_01,8
1396_01,9
1405_01,13
1409_01,12
1409_02,3
1411_01,9
1418_01,9
1422_01,17
1422_02,18
1422_03,7
1429_01,13
1432_01,13
1432_02,13
1436_01,9
1437_01,8
1441_01,9
1446_01,9
1448_01,9
1449_01,13
1456_01,9
1459_01,9
1464_01,8
1466_01,3
1468_01,9
1469_01,13
1469_02,13
1470_01,3
1471_01,5
1471_02,5
1471_03,5
1471_04,5
1471_05,14
1472_01,8
1473_01,9
1473_02,9
1475_01,9
1476_01,9
1477_01,18
1477_02,7
1480_01,3
1482_01,3
1483_01,8
1486_01,3
1487_01,8
1487_02,9
1492_01,6
1492_02,18
1494_01,9
1495_01,16
1495_02,17
1496_01,3
1497_01,3
1497_02,3
1502_01,6
1502_02,12
1502_03,17
1502_04,1
1504_01,9
1505_01,13
1508_01,9
1512_01,13
1513_01,8
1514_01,8
1516_01,8
1517_01,9
1518_01,6
1518_02,18
1519_01,9
1522_01,3
1530_01,16
1534_01,13
1534_02,13
1535_01,8
1537_01,18
1538_01,13
1538_02,13
1546_01,3
1549_01,9
1553_01,3
1553_02,16
1554_01,8
1554_02,16
1556_01,3
1557_01,4
1559_01,17
1559_02,1
1563_01,17
1566_01,17
1570_01,16
1571_01,9
1574_01,3
1575_01,3
1582_01,16
1582_02,5
1583_01,3
1586_01,18
1587_01,8
1587_02,17
1589_01,16
1591_01,7
1591_02,18
1598_01,13
1598_02,19
1600_01,9
1605_01,16
1607_01,8
1609_01,13
1610_01,13
1616_01,3
1618_01,6
1620_01,6
1623_01,13
1627_01,3
1629_01,1
1629_02,1
1629_03,1
1629_04,1
1629_05,1
1629_06,17
1639_01,9
1641_01,3
1642_01,18
1643_01,9
1648_01,1
1652_01,8
1654_01,9
1664_01,16
1665_01,1
1665_02,1
1667_01,16
1675_01,0
1678_01,16
1679_01,3
1680_01,18
1680_02,17
1683_01,9
1684_01,13
1686_01,16
1689_01,1
1689_02,18
1689_03,18
1692_01,3
1693_01,16
1701_01,3
1702_01,16
1703_01,16
1706_01,16
1707_01,0
1716_01,16
1720_01,16
1722_01,9
1726_01,13
1726_02,5
1726_03,13
1732_01,3
1735_01,16
1737_01,9
1741_01,9
1741_02,5
1741_03,5
1743_01,8
1744_01,13
1750_01,3
1751_01,0
1751_02,5
1754_01,0
1756_01,9
1759_01,3
1765_01,3
1773_01,0
1777_01,18
1777_02,1
1780_01,16
1784_01,9
1787_01,9
1788_01,16
1789_01,9
1790_01,3
1790_02,3
1791_01,0
1791_02,3
1793_01,13
1793_02,19
1794_01,0
1795_01,9
1801_01,16
1801_02,16
1809_01,3
1814_01,9
1814_02,8
1814_03,5
1815_01,3
1819_01,16
1820_01,3
1824_01,16
1825_01,16
1825_02,9
1830_01,8
1832_01,16
1835_01,1
1835_02,1
1837_01,17
1838_01,3
1839_01,13
1840_01,0
1842_01,13
1845_01,6
1851_01,18
1851_02,1
1852_01,17
1852_02,18
1852_03,1
1852_04,17
1858_01,18
1862_01,0
1862_02,0
1862_03,5
1867_01,17
1869_01,13
1870_01,13
1875_01,13
1876_01,16
1883_01,3
1885_01,9
1893_01,3
1894_01,3
1895_01,16
1896_01,18
1900_01,16
1904_01,18
1909_01,1
1909_02,1
1909_03,18
1910_01,5
1910_02,13
1910_03,13
1910_04,5
1912_01,19
1913_01,13
1913_02,3
1913_03,5
1914_01,8
1917_01,8
1919_01,16
1921_01,13
1921_02,12
1924_01,8
1929_01,16
1930_01,0
1932_01,16
1934_01,16
1936_01,13
1943_01,0
1944_01,16
1948_01,6
1948_02,17
1949_01,16
1951_01,17
1951_02,18
1954_01,0
1955_01,16
1958_01,16
1965_01,3
1966_01,18
1970_01,16
1972_01,13
1982_01,9
1986_01,3
1987_01,16
1989_01,0
1990_01,3
1990_02,0
1998_01,8
2002_01,3
2004_01,3
2005_01,16
2005_02,5
2008_01,16
2014_01,1
2016_01,3
2016_02,13
2017_01,3
2017_02,13
2018_01,3
2020_01,18
2021_01,3
2023_01,16
2023_02,5
2023_03,5
2025_01,12
2030_01,16
2031_01,16
2033_01,0
2035_01,13
2035_02,3
2036_01,8
2036_02,16
2036_03,5
2037_01,1
2037_02,18
2039_01,5
2039_02,3
2039_03,3
2047_01,3
2048_01,0
2049_01,8
2050_01,16
2057_01,8
2057_02,8
2057_03,16
2057_04,14
2057_05,14
2058_01,0
2064_01,3
2068_01,1
2068_02,18
2068_03,18
2068_04,18
2068_05,18
2069_01,16
2072_01,9
2072_02,16
2076_01,3
2077_01,16
2078_01,3
2079_01,0
2079_02,16
2079_03,16
2093_01,16
2098_01,16
2101_01,0
2101_02,16
2103_01,16
2108_01,18
2108_02,18
2109_01,3
2113_01,3
2119_01,16
2119_02,3
2122_01,8
2132_01,8
2146_01,18
2146_02,17
2151_01,3
2155_01,16
2157_01,16
2160_01,13
2160_02,5
2160_03,5
2165_01,16
2166_01,16
2169_01,16
2170_01,16
2174_01,0
2176_01,8
2178_01,16
2181_01,16
2184_01,17
2184_02,1
2185_01,17
2192_01,8
2197_01,0
2199_01,0
2208_01,13
2213_01,13
2214_01,9
2216_01,8
2217_01,18
2218_01,9
2222_01,3
2226_01,8
2227_01,3
2230_01,3
2236_01,9
2240_01,5
2240_02,16
2240_03,5
2242_01,0
2244_01,16
2245_01,17
2245_02,12
2246_01,18
2246_02,18
2247_01,0
2248_01,16
2249_01,9
2250_01,16
2259_01,18
2259_02,17
2260_01,1
2265_01,16
2271_01,6
2276_01,3
2276_02,16
2283_01,16
2285_01,8
2286_01,16
2290_01,8
2292_01,8
2293_01,3
2294_01,18
2297_01,16
2304_01,3
2307_01,5
2307_02,5
2307_03,5
2307_04,5
2307_05,14
2322_01,9
2323_01,16
2324_01,16
2326_01,3
2328_01,16
2330_01,8
2331_01,0
2334_01,16
2335_01,8
2337_01,8
2342_01,16
2343_01,17
2343_02,1
2344_01,18
2344_02,17
2346_01,16
2350_01,13
2350_02,13
2350_03,0
2351_01,13
2351_02,13
2352_01,0
2354_01,13
2355_01,1
2355_02,17
2355_03,18
2355_04,18
2358_01,16
2359_01,16
2362_01,9
2370_01,3
2370_02,5
2370_03,16
2370_04,5
2371_01,16
2372_01,13
2378_01,13
2378_02,5
2380_01,6
2380_02,17
2381_01,8
2383_01,8
2383_02,16
2386_01,3
2388_01,16
2388_02,5
2393_01,16
2394_01,8
2394_02,0
2394_03,0
2400_01,0
2405_01,8
2407_01,17
2408_01,16
2415_01,16
2418_01,9
2420_01,16
2422_01,6
2422_02,17
2425_01,5
2425_02,8
2425_03,16
2425_04,14
2425_05,14
2425_06,14
2428_01,8
2430_01,3
2430_02,5
2430_03,16
2434_01,3
2434_02,16
2437_01,16
2440_01,16
2447_01,16
2448_01,17
2448_02,17
2450_01,16
2459_01,0
2464_01,13
2465_01,13
2468_01,17
2469_01,3
2469_02,16
2473_01,16
2481_01,0
2481_02,16
2482_01,18
2482_02,18
2484_01,3
2484_02,13
2485_01,12
2487_01,5
2487_02,3
2487_03,13
2490_01,16
2493_01,6
2493_02,6
2494_01,1
2494_02,7
2495_01,0
2501_01,1
2504_01,16
2507_01,3
2511_01,16
2514_01,16
2517_01,3
2525_01,16
2529_01,12
2533_01,0
2536_01,3
2538_01,17
2538_02,1
2539_01,16
2543_01,16
2554_01,8
2556_01,0
2563_01,3
2566_01,16
2567_01,3
2567_02,3
2568_01,16
2569_01,16
2570_01,3
2575_01,19
2576_01,3
2577_01,3
2577_02,5
2579_01,13
2583_01,3
2585_01,1
2586_01,3
2587_01,3
2587_02,3
2600_01,13
2603_01,3
2603_02,0
2604_01,8
2608_01,3
2610_01,16
2611_01,16
2612_01,16
2613_01,16
2614_01,13
2615_01,16
2620_01,0
2621_01,7
2623_01,16
2630_01,16
2630_02,5
2630_03,5
2632_01,16
2637_01,16
2637_02,8
2637_03,5
2639_01,3
2644_01,16
2653_01,12
2654_01,13
2656_01,1
2665_01,18
2667_01,17
2667_02,18
2667_03,18
2667_04,1
2667_05,17
2669_01,13
2673_01,16
2674_01,5
2674_02,16
2680_01,7
2681_01,8
2686_01,16
2689_01,16
2694_01,1
2694_02,4
2696_01,18
2699_01,8
2705_01,3
2710_01,17
2710_02,17
2711_01,19
2715_01,13
2715_02,13
2716_01,18
2716_02,17
2719_01,13
2719_02,5
2719_03,13
2728_01,16
2731_01,3
2733_01,16
2735_01,16
2742_01,8
2744_01,0
2749_01,3
2757_01,16
2761_01,8
2761_02,16
2766_01,0
2767_01,16
2771_01,16
2775_01,18
2776_01,16
2777_01,12
2779_01,16
2782_01,16
2791_01,16
2794_01,13
2794_02,13
2794_03,13
2794_04,14
2794_05,14
2794_06,14
2794_07,14
2800_01,17
2803_01,1
2804_01,3
2808_01,17
2808_02,4
2815_01,9
2815_02,5
2815_03,16
2816_01,1
2827_01,0
2828_01,8
2829_01,3
2830_01,8
2833_01,8
2836_01,4
2841_01,16
2842_01,3
2844_01,0
2845_01,17
2845_02,17
2848_01,1
2848_02,1
2848_03,17
2849_01,16
2850_01,5
2850_02,5
2850_03,13
2850_04,5
2851_01,0
2855_01,17
2864_01,13
2868_01,5
2868_02,5
2868_03,5
2868_04,16
2874_01,9
2879_01,16
2885_01,16
2886_01,13
2889_01,9
2895_01,17
2896_01,16
2898_01,18
2898_02,1
2903_01,8
2904_01,18
2904_02,1
2911_01,3
2914_01,1
2915_01,3
2916_01,10
2917_01,10
2918_01,18
2921_01,10
2922_01,10
2923_01,16
2924_01,13
2931_01,3
2931_02,10
2932_01,1
2933_01,10
2937_01,10
2939_01,16
2946_01,10
2946_02,16
2946_03,16
2946_04,16
2947_01,3
2951_01,8
2952_01,10
2955_01,16
2957_01,3
2963_01,16
2967_01,10
2973_01,9
2974_01,10
2976_01,17
2976_02,17
2976_03,17
2976_04,18
2977_01,10
2977_02,10
2977_03,8
2978_01,16
2980_01,16
2981_01,8
2985_01,16
2987_01,9
2989_01,16
2991_01,13
2997_01,17
2997_02,18
2997_03,18
2997_04,1
2999_01,13
3002_01,8
3007_01,16
3008_01,17
3008_02,18
3008_03,1
3008_04,18
3008_05,17
3008_06,17
3011_01,3
3016_01,5
3016_02,5
3016_03,5
3016_04,14
3017_01,16
3028_01,3
3031_01,10
3035_01,3
3037_01,17
3037_02,1
3041_01,9
3043_01,10
3046_01,9
3049_01,16
3051_01,16
3052_01,18
3056_01,3
3057_01,16
3058_01,16
3059_01,1
3069_01,8
3072_01,10
3074_01,8
3075_01,10
3077_01,17
3077_02,17
3078_01,7
3078_02,7
3078_03,1
3078_04,7
3086_01,10
3089_01,3
3094_01,3
3097_01,10
3098_01,9
3101_01,13
3105_01,1
3105_02,18
3105_03,1
3106_01,16
3107_01,3
3108_01,3
3109_01,16
3115_01,8
3122_01,13
3122_02,10
3125_01,13
3125_02,9
3127_01,17
3129_01,9
3135_01,10
3137_01,8
3139_01,16
3141_01,3
3144_01,16
3146_01,8
3148_01,16
3148_02,16
3150_01,16
3151_01,17
3153_01,16
3153_02,0
3154_01,3
3155_01,17
3155_02,18
3156_01,8
3157_01,13
3160_01,13
3165_01,16
3167_01,16
3170_01,3
3173_01,3
3177_01,10
3178_01,10
3183_01,16
3186_01,10
3187_01,18
3190_01,10
3190_02,3
3194_01,16
3198_01,10
3199_01,18
3202_01,8
3207_01,8
3208_01,4
3214_01,10
3222_01,16
3226_01,10
3228_01,13
3231_01,0
3233_01,10
3234_01,9
3242_01,13
3244_01,1
3244_02,1
3244_03,17
3245_01,10
3245_02,10
3246_01,10
3249_01,10
3249_02,8
3250_01,8
3251_01,10
3257_01,10
3261_01,7
3263_01,10
3264_01,13
3265_01,12
3265_02,17
3265_03,17
3265_04,1
3266_01,10
3267_01,17
3277_01,16
3278_01,10
3281_01,10
3285_01,13
3285_02,3
3286_01,10
3288_01,10
3290_01,10
3290_02,13
3291_01,3
3302_01,16
3303_01,16
3306_01,13
3307_01,10
3316_01,10
3320_01,18
3320_02,18
3321_01,10
3333_01,16
3334_01,8
3335_01,9
3340_01,13
3341_01,17
3341_02,7
3344_01,1
3344_02,1
3345_01,0
3345_02,9
3345_03,8
3346_01,10
3347_01,4
3347_02,18
3351_01,0
3351_02,10
3354_01,18
3355_01,8
3356_01,18
3358_01,16
3362_01,4
3362_02,12
3366_01,1
3367_01,16
3368_01,5
3368_02,17
3368_03,12
3368_04,14
3368_05,14
3368_06,14
3368_07,14
3369_01,6
3373_01,3
3374_01,13
3375_01,13
3376_01,8
3378_01,16
3379_01,10
3385_01,10
3388_01,18
3393_01,3
3398_01,19
3399_01,9
3400_01,3
3407_01,10
3407_02,10
3411_01,13
3411_02,13
3411_03,13
3411_04,13
3411_05,14
3411_06,14
3411_07,14
3414_01,16
3416_01,12
3427_01,3
3429_01,1
3435_01,16
3436_01,0
3448_01,3
3448_02,8
3451_01,8
3452_01,16
3457_01,0
3460_01,10
3463_01,8
3466_01,10
3471_01,16
3472_01,10
3477_01,7
3477_02,13
3479_01,8
3481_01,13
3482_01,10
3482_02,3
3493_01,10
3494_01,18
3494_02,18
3498_01,8
3500_01,8
3502_01,10
3503_01,9
3505_01,10
3507_01,10
3508_01,9
3508_02,12
3509_01,17
3509_02,4
3510_01,0
3513_01,17
3513_02,1
3513_03,12
3513_04,17
3516_01,10
3517_01,10
3522_01,8
3524_01,10
3526_01,10
3529_01,10
3532_01,10
3538_01,7
3541_01,9
3544_01,8
3544_02,16
3545_01,10
3549_01,18
3549_02,1
3551_01,16
3554_01,10
3557_01,10
3571_01,8
3574_01,16
3575_01,18
3580_01,18
3580_02,1
3581_01,13
3583_01,13
3585_01,8
3587_01,0
3587_02,10
3587_03,5
3589_01,10
3589_02,5
3589_03,5
3589_04,14
3589_05,14
3589_06,14
3589_07,14
3590_01,9
3593_01,18
3599_01,16
3601_01,16
3601_02,5
3601_03,5
3601_04,14
3601_05,14
3601_06,14
3601_07,14
3603_01,10
3603_02,10
3604_01,3
3611_01,10
3617_01,16
3617_02,5
3617_03,10
3618_01,17
3618_02,12
3618_03,18
3618_04,18
3621_01,13
3621_02,10
3623_01,10
3627_01,4
3632_01,16
3633_01,10
3635_01,0
3635_02,10
3637_01,13
3638_01,10
3643_01,3
3646_01,18
3646_02,4
3649_01,10
3651_01,1
3656_01,18
3656_02,18
3657_01,17
3657_02,17
3657_03,18
3659_01,16
3659_02,5
3659_03,14
3659_04,5
3659_05,14
3659_06,14
3659_07,14
3661_01,10
3663_01,10
3666_01,0
3669_01,10
3670_01,8
3672_01,10
3672_02,8
3673_01,16
3675_01,10
3675_02,8
3675_03,8
3676_01,1
3683_01,1
3683_02,1
3684_01,10
3684_02,5
3685_01,10
3687_01,4
3689_01,10
3694_01,0
3695_01,13
3696_01,10
3697_01,9
3698_01,10
3701_01,1
3701_02,18
3701_03,1
3709_01,10
3712_01,5
3712_02,5
3712_03,5
3712_04,14
3712_05,14
3717_01,10
3717_02,10
3718_01,10
3720_01,10
3720_02,5
3720_03,10
3721_01,12
3722_01,10
3723_01,10
3725_01,8
3727_01,8
3730_01,3
3731_01,8
3738_01,10
3740_01,10
3746_01,10
3746_02,5
3746_03,10
3746_04,5
3762_01,9
3763_01,10
3764_01,10
3764_02,5
3766_01,1
3766_02,1
3780_01,10
3782_01,13
3782_02,13
3791_01,7
3792_01,10
3794_01,8
3799_01,9
3800_01,18
3802_01,10
3806_01,8
3808_01,10
3809_01,10
3809_02,10
3813_01,10
3819_01,10
3825_01,10
3827_01,10
3828_01,18
3828_02,13
3828_03,17
3829_01,9
3829_02,10
3833_01,10
3834_01,8
3837_01,10
3840_01,10
3843_01,10
3844_01,18
3844_02,18
3845_01,10
3855_01,8
3858_01,1
3858_02,1
3858_03,18
3858_04,18
3859_01,10
3860_01,19
3861_01,10
3863_01,10
3865_01,8
3869_01,3
3876_01,1
3876_02,18
3876_03,17
3877_01,10
3878_01,13
3880_01,9
3881_01,10
3882_01,17
3884_01,18
3885_01,10
3887_01,4
3889_01,18
3889_02,18
3891_01,10
3892_01,10
3892_02,10
3893_01,13
3893_02,5
3893_03,13
3900_01,9
3901_01,10
3902_01,3
3905_01,8
3906_01,10
3906_02,10
3908_01,9
3908_02,5
3910_01,8
3914_01,9
3918_01,10
3920_01,10
3925_01,13
3925_02,13
3929_01,10
3934_01,10
3934_02,13
3943_01,10
3943_02,10
3943_03,10
3947_01,10
3951_01,10
3953_01,10
3956_01,10
3957_01,3
3965_01,10
3969_01,10
3972_01,17
3975_01,8
3978_01,10
3979_01,10
3982_01,10
3983_01,10
3989_01,5
3989_02,5
3989_03,5
3989_04,8
3990_01,10
3993_01,10
4004_01,10
4007_01,18
4011_01,18
4012_01,19
4012_02,1
4015_01,10
4015_02,13
4024_01,4
4025_01,10
4028_01,10
4029_01,10
4041_01,10
4048_01,5
4048_02,10
4048_03,10
4051_01,10
4052_01,9
4054_01,1
4054_02,18
4054_03,18
4056_01,9
4057_01,10
4059_01,17
4059_02,18
4062_01,4
4067_01,10
4070_01,1
4070_02,17
4070_03,18
4073_01,10
4073_02,10
4074_01,10
4077_01,18
4085_01,10
4086_01,10
4086_02,10
4086_03,10
4087_01,10
4088_01,10
4092_01,8
4094_01,18
4094_02,7
4100_01,18
4105_01,9
4111_01,10
4117_01,10
4118_01,8
4119_01,10
4121_01,7
4122_01,9
4123_01,9
4124_01,8
4126_01,10
4133_01,10
4133_02,10
4136_01,17
4136_02,18
4138_01,10
4139_01,10
4146_01,10
4148_01,10
4153_01,9
4155_01,17
4157_01,10
4161_01,10
4162_01,10
4164_01,1
4180_01,1
4180_02,6
4187_01,10
4190_01,12
4192_01,10
4193_01,8
4195_01,10
4198_01,1
4200_01,10
4201_01,10
4202_01,10
4202_02,10
4209_01,10
4217_01,10
4224_01,12
4224_02,10
4226_01,1
4226_02,4
4227_01,10
4228_01,10
4234_01,13
4234_02,13
4235_01,10
4235_02,10
4236_01,12
4236_02,5
4241_01,10
4247_01,10
4247_02,10
4248_01,10
4248_02,10
4250_01,10
4263_01,10
4263_02,10
4263_03,5
4265_01,17
4268_01,10
4268_02,10
4269_01,10
4275_01,10
4276_01,10
4277_01,10
4279_01,10
4281_01,10
4282_01,17
4283_01,9
4284_01,10
4284_02,10
4285_01,10
4286_01,5
4286_02,8
4286_03,10
4287_01,8
4288_01,10
4288_02,9
4290_01,10
4298_01,12
4298_02,5
4298_03,10
4299_01,10
4304_01,10
4307_01,10
4308_01,10
4310_01,13
4313_01,12
4314_01,1
4321_01,10
4322_01,10
4323_01,17
4323_02,18
4323_03,18
4323_04,17
4325_01,8
4326_01,10
4328_01,10
4331_01,10
4341_01,10
4341_02,5
4342_01,13
4353_01,10
4355_01,10
4363_01,10
4374_01,10
4375_01,8
4377_01,10
4377_02,8
4377_03,5
4378_01,18
4378_02,12
4379_01,10
4380_01,10
4381_01,10
4381_02,10
4384_01,10
4385_01,10
4385_02,10
4385_03,5
4389_01,16
4394_01,10
4398_01,8
4406_01,10
4412_01,15
4414_01,10
4417_01,10
4418_01,10
4419_01,9
4419_02,15
4420_01,9
4420_02,8
4421_01,15
4423_01,18
4425_01,17
4425_02,4
4434_01,10
4435_01,17
4435_02,18
4439_01,3
4439_02,13
4442_01,12
4443_01,9
4443_02,9
4454_01,1
4455_01,15
4455_02,9
4455_03,10
4458_01,10
4460_01,17
4468_01,10
4471_01,10
4478_01,13
4480_01,1
4481_01,8
4484_01,10
4488_01,10
4489_01,15
4495_01,18
4499_01,10
4503_01,15
4504_01,18
4507_01,12
4513_01,15
4519_01,15
4520_01,10
4523_01,5
4523_02,10
4523_03,14
4523_04,14
4523_05,14
4523_06,14
4525_01,18
4526_01,9
4527_01,15
4528_01,8
4536_01,18
4540_01,10
4541_01,18
4545_01,10
4548_01,1
4551_01,18
4551_02,4
4551_03,17
4551_04,1
4554_01,15
4556_01,13
4566_01,10
4578_01,10
4579_01,10
4582_01,10
4582_02,5
4582_03,5
4582_04,14
4582_05,14
4582_06,14
4582_07,14
4583_01,10
4583_02,5
4583_03,13
4584_01,10
4588_01,15
4589_01,13
4590_01,10
4598_01,13
4599_01,10
4600_01,8
4600_02,10
4601_01,10
4614_01,13
4614_02,13
4616_01,10
4618_01,12
4619_01,10
4626_01,17
4626_02,18
4627_01,10
4629_01,10
4636_01,8
4639_01,5
4639_02,5
4639_03,7
4639_04,18
4639_05,14
4639_06,14
4647_01,10
4660_01,10
4666_01,13
4669_01,1
4670_01,18
4671_01,5
4671_02,15
4671_03,15
4671_04,5
4674_01,10
4675_01,4
4675_02,6
4681_01,7
4682_01,10
4683_01,15
4683_02,15
4685_01,10
4687_01,10
4688_01,10
4692_01,6
4697_01,10
4698_01,15
4700_01,17
4701_01,17
4701_02,17
4701_03,1
4701_04,1
4702_01,8
4702_02,10
4703_01,1
4703_02,17
4705_01,18
4705_02,18
4707_01,15
4707_02,10
4715_01,1
4716_01,10
4718_01,17
4722_01,15
4724_01,1
4727_01,10
4727_02,5
4729_01,10
4731_01,10
4734_01,13
4735_01,10
4736_01,10
4737_01,9
4740_01,10
4742_01,10
4745_01,10
4747_01,1
4747_02,18
4749_01,15
4751_01,15
4760_01,10
4761_01,10
4761_02,10
4761_03,15
4765_01,10
4766_01,10
4767_01,15
4768_01,18
4768_02,1
4771_01,15
4776_01,5
4776_02,5
4776_03,5
4776_04,5
4779_01,10
4781_01,15
4789_01,3
4799_01,15
4799_02,15
4799_03,15
4800_01,10
4802_01,5
4802_02,8
4805_01,0
4806_01,16
4809_01,15
4811_01,8
4812_01,3
4816_01,8
4820_01,18
4820_02,6
4821_01,15
4824_01,13
4825_01,15
4826_01,16
4833_01,12
4833_02,18
4834_01,10
4835_01,15
4839_01,13
4843_01,10
4843_02,8
4844_01,15
4849_01,15
4852_01,8
4854_01,15
4855_01,8
4855_02,10
4858_01,13
4859_01,10
4860_01,8
4861_01,16
4865_01,15
4867_01,15
4869_01,16
4872_01,15
4877_01,15
4894_01,10
4905_01,10
4906_01,10
4907_01,10
4908_01,15
4914_01,13
4919_01,15
4921_01,6
4922_01,0
4926_01,13
4928_01,15
4931_01,10
4935_01,10
4935_02,8
4935_03,8
4936_01,8
4947_01,8
4948_01,13
4949_01,12
4949_02,7
4953_01,3
4955_01,15
4957_01,17
4959_01,15
4960_01,15
4962_01,15
4966_01,4
4966_02,1
4967_01,15
4968_01,10
4969_01,15
4969_02,8
4971_01,8
4976_01,8
4982_01,10
4984_01,15
4984_02,8
4985_01,15
4986_01,15
4988_01,1
4993_01,16
4994_01,10
5001_01,10
5002_01,10
5011_01,10
5022_01,16
5024_01,5
5024_02,10
5024_03,5
5024_04,14
5024_05,14
5026_01,16
5029_01,17
5029_02,1
5030_01,10
5031_01,18
5031_02,18
5033_01,18
5033_02,7
5037_01,3
5038_01,0
5038_02,5
5041_01,15
5043_01,15
5043_02,15
5043_03,5
5045_01,15
5046_01,10
5047_01,8
5049_01,16
5053_01,12
5054_01,13
5055_01,10
5056_01,19
5056_02,15
5066_01,15
5071_01,15
5075_01,16
5077_01,15
5078_01,8
5079_01,15
5081_01,15
5082_01,18
5086_01,15
5086_02,16
5092_01,15
5094_01,8
5094_02,15
5096_01,13
5096_02,13
5098_01,15
5098_02,8
5098_03,5
5099_01,15
5100_01,15
5101_01,15
5102_01,8
5107_01,15
5110_01,17
5113_01,10
5114_01,15
5117_01,13
5118_01,18
5119_01,16
5121_01,10
5123_01,8
5131_01,18
5131_02,17
5134_01,13
5135_01,15
5139_01,15
5141_01,15
5143_01,15
5147_01,10
5149_01,4
5149_02,17
5150_01,15
5153_01,10
5155_01,15
5159_01,12
5159_02,18
5164_01,17
5164_02,1
5168_01,15
5169_01,13
5172_01,10
5178_01,15
5183_01,15
5189_01,18
5191_01,18
5195_01,18
5200_01,15
5203_01,4
5203_02,17
5212_01,8
5215_01,6
5219_01,15
5219_02,8
5222_01,10
5228_01,8
5228_02,5
5231_01,10
5232_01,12
5232_02,18
5233_01,15
5237_01,15
5241_01,15
5241_02,8
5245_01,18
5259_01,10
5261_01,15
5263_01,13
5267_01,5
5267_02,10
5267_03,15
5270_01,8
5283_01,8
5284_01,3
5285_01,1
5286_01,18
5289_01,15
5293_01,10
5293_02,16
5294_01,15
5295_01,18
5296_01,18
5302_01,15
5306_01,15
5306_02,19
5308_01,8
5308_02,10
5308_03,10
5309_01,1
5311_01,10
5317_01,10
5317_02,10
5318_01,10
5318_02,15
5319_01,15
5321_01,8
5324_01,10
5328_01,1
5329_01,16
5329_02,5
5329_03,14
5329_04,14
5329_05,14
5329_06,14
5329_07,14
5332_01,15
5335_01,17
5335_02,1
5335_03,18
5335_04,18
5336_01,15
5338_01,15
5339_01,18
5339_02,18
5339_03,17
5342_01,16
5349_01,8
5352_01,10
5357_01,1
5357_02,1
5357_03,12
5357_04,18
5358_01,16
5364_01,10
5369_01,15
5369_02,13
5369_03,5
5370_01,10
5371_01,5
5371_02,13
5371_03,15
5371_04,5
5373_01,15
5376_01,17
5376_02,1
5377_01,17
5381_01,15
5382_01,17
5382_02,17
5386_01,10
5391_01,8
5393_01,15
5398_01,15
5399_01,15
5400_01,3
5403_01,16
5405_01,16
5407_01,3
5409_01,16
5417_01,16
5419_01,8
5426_01,15
5428_01,15
5428_02,5
5429_01,15
5432_01,15
5433_01,18
5439_01,13
5442_01,15
5444_01,15
5448_01,13
5449_01,0
5456_01,15
5460_01,8
5461_01,18
5464_01,16
5473_01,5
5473_02,8
5481_01,12
5482_01,0
5482_02,15
5486_01,15
5493_01,10
5495_01,15
5498_01,10
5498_02,10
5502_01,15
5503_01,16
5505_01,15
5505_02,10
5505_03,5
5513_01,8
5513_02,5
5513_03,15
5513_04,5
5516_01,15
5518_01,18
5519_01,18
5525_01,15
5532_01,0
5533_01,10
5534_01,8
5542_01,13
5547_01,10
5548_01,18
5549_01,1
5553_01,15
5553_02,15
5554_01,10
5558_01,13
5562_01,1
5562_02,17
5564_01,15
5565_01,10
5567_01,15
5570_01,8
5576_01,15
5577_01,8
5577_02,5
5577_03,5
5577_04,5
5577_05,14
5579_01,1
5584_01,15
5584_02,13
5588_01,15
5588_02,15
5588_03,5
5588_04,15
5588_05,14
5590_01,3
5593_01,15
5597_01,15
5600_01,8
5604_01,8
5605_01,15
5607_01,3
5612_01,15
5617_01,15
5620_01,12
5620_02,12
5621_01,15
5624_01,15
5630_01,1
5632_01,1
5633_01,15
5634_01,13
5635_01,16
5636_01,16
5638_01,15
5641_01,15
5649_01,15
5654_01,15
5656_01,8
5657_01,18
5658_01,15
5660_01,16
5664_01,5
5664_02,5
5664_03,5
5664_04,14
5665_01,15
5666_01,13
5668_01,3
5669_01,15
5670_01,8
5672_01,15
5675_01,0
5676_01,15
5678_01,15
5678_02,3
5682_01,18
5683_01,15
5690_01,15
5691_01,15
5694_01,1
5697_01,15
5699_01,15
5703_01,15
5708_01,15
5715_01,18
5715_02,18
5720_01,16
5720_02,15
5731_01,13
5731_02,13
5734_01,15
5734_02,16
5741_01,15
5743_01,15
5745_01,15
5749_01,8
5752_01,15
5753_01,15
5754_01,18
5759_01,15
5760_01,15
5762_01,8
5766_01,15
5770_01,4
5774_01,16
5775_01,15
5782_01,8
5782_02,15
5782_03,15
5782_04,15
5784_01,15
5787_01,16
5787_02,15
5787_03,11
5789_01,5
5789_02,8
5797_01,17
5798_01,15
5801_01,15
5803_01,15
5805_01,15
5807_01,15
5815_01,18
5815_02,18
5815_03,18
5815_04,7
5830_01,15
5832_01,15
5833_01,16
5838_01,15
5841_01,5
5841_02,5
5841_03,11
5845_01,8
5850_01,17
5851_01,15
5851_02,5
5853_01,15
5862_01,15
5864_01,15
5865_01,15
5866_01,11
5870_01,15
5872_01,16
5873_01,15
5873_02,15
5873_03,16
5881_01,1
5883_01,1
5884_01,11
5892_01,15
5893_01,15
5893_02,5
5895_01,15
5896_01,11
5899_01,16
5904_01,15
5904_02,13
5910_01,11
5911_01,5
5911_02,15
5911_03,15
5911_04,14
5911_05,14
5911_06,14
5914_01,15
5917_01,8
5918_01,15
5926_01,15
5929_01,15
5932_01,11
5935_01,11
5936_01,1
5936_02,17
5936_03,18
5936_04,18
5936_05,12
5937_01,15
5940_01,8
5942_01,1
5942_02,17
5943_01,13
5948_01,13
5958_01,8
5961_01,17
5961_02,17
5962_01,15
5964_01,17
5964_02,12
5966_01,5
5966_02,15
5978_01,11
5978_02,5
5979_01,0
5982_01,11
5996_01,15
5997_01,13
5997_02,15
6002_01,3
6005_01,5
6005_02,5
6005_03,5
6005_04,15
6005_05,14
6009_01,18
6009_02,18
6012_01,11
6013_01,15
6018_01,11
6021_01,15
6023_01,11
6037_01,8
6044_01,11
6044_02,8
6046_01,8
6050_01,11
6051_01,13
6051_02,13
6053_01,8
6056_01,15
6057_01,11
6060_01,13
6063_01,15
6072_01,15
6074_01,13
6074_02,3
6074_03,5
6078_01,11
6079_01,15
6081_01,11
6081_02,11
6081_03,11
6081_04,5
6083_01,15
6084_01,8
6088_01,11
6089_01,15
6093_01,15
6097_01,16
6100_01,15
6104_01,11
6113_01,16
6114_01,11
6119_01,15
6119_02,16
6119_03,5
6125_01,11
6129_01,13
6131_01,8
6134_01,15
6140_01,3
6142_01,4
6142_02,17
6144_01,15
6147_01,8
6151_01,18
6151_02,1
6154_01,15
6159_01,15
6160_01,16
6160_02,15
6161_01,15
6164_01,15
6165_01,11
6177_01,6
6183_01,16
6185_01,6
6187_01,15
6188_01,15
6190_01,8
6193_01,15
6193_02,5
6193_03,13
6193_04,13
6195_01,15
6196_01,1
6197_01,8
6198_01,11
6202_01,15
6203_01,7
6204_01,15
6209_01,6
6209_02,17
6210_01,1
6212_01,15
6214_01,11
6217_01,1
6217_02,18
6221_01,15
6226_01,11
6231_01,5
6231_02,15
6231_03,15
6233_01,8
6233_02,15
6233_03,8
6235_01,1
6240_01,3
6242_01,1
6244_01,18
6244_02,1
6247_01,11
6255_01,1
6257_01,15
6257_02,11
6257_03,5
6258_01,8
6259_01,16
6260_01,13
6260_02,13
6261_01,3
6261_02,3
6267_01,6
6267_02,18
6267_03,1
6267_04,17
6267_05,17
6267_06,14
6269_01,18
6269_02,18
6269_03,17
6272_01,11
6272_02,11
6275_01,11
6278_01,11
6278_02,11
6284_01,11
6286_01,15
6286_02,5
6287_01,15
6287_02,16
6288_01,1
6288_02,12
6288_03,17
6288_04,19
6291_01,15
6294_01,15
6295_01,17
6295_02,18
6298_01,11
6303_01,15
6306_01,15
6307_01,11
6310_01,13
6311_01,11
6312_01,0
6312_02,6
6314_01,15
6329_01,13
6332_01,15
6332_02,14
6332_03,14
6332_04,14
6332_05,14
6332_06,14
6332_07,14
6332_08,14
6333_01,11
6336_01,16
6337_01,15
6342_01,13
6342_02,13
6345_01,11
6345_02,11
6350_01,1
6352_01,17
6352_02,4
6358_01,16
6358_02,5
6359_01,11
6362_01,15
6364_01,15
6375_01,8
6377_01,11
6379_01,11
6382_01,8
6383_01,5
6383_02,5
6383_03,8
6384_01,16
6386_01,11
6387_01,11
6389_01,13
6391_01,3
6391_02,11
6392_01,11
6393_01,3
6395_01,16
6401_01,18
6401_02,18
6403_01,11
6410_01,18
6410_02,18
6417_01,11
6420_01,15
6423_01,7
6425_01,13
6425_02,3
6426_01,13
6427_01,11
6429_01,15
6435_01,11
6438_01,18
6440_01,8
6441_01,11
6445_01,15
6460_01,4
6465_01,8
6466_01,11
6467_01,6
6469_01,8
6474_01,15
6476_01,15
6479_01,17
6479_02,1
6483_01,11
6484_01,11
6486_01,3
6491_01,11
6491_02,15
6491_03,5
6495_01,15
6496_01,15
6496_02,11
6497_01,16
6498_01,8
6499_01,5
6499_02,14
6499_03,5
6499_04,14
6499_05,14
6499_06,14
6499_07,14
6499_08,14
6504_01,17
6504_02,4
6505_01,16
6506_01,8
6506_02,15
6507_01,15
6515_01,11
6516_01,1
6516_02,17
6518_01,3
6519_01,12
6521_01,13
6524_01,11
6527_01,8
6528_01,8
6532_01,11
6533_01,15
6533_02,11
6534_01,13
6536_01,11
6537_01,11
6538_01,18
6542_01,11
6543_01,11
6550_01,18
6551_01,8
6554_01,3
6555_01,11
6559_01,5
6559_02,5
6559_03,11
6564_01,18
6564_02,1
6566_01,15
6571_01,11
6575_01,17
6576_01,11
6577_01,11
6577_02,8
6577_03,15
6579_01,8
6581_01,11
6584_01,15
6586_01,13
6587_01,15
6589_01,1
6596_01,13
6596_02,13
6597_01,15
6600_01,11
6600_02,13
6605_01,15
6605_02,5
6607_01,11
6610_01,15
6612_01,15
6612_02,15
6612_03,14
6612_04,14
6612_05,14
6612_06,14
6615_01,11
6617_01,1
6617_02,17
6617_03,17
6619_01,18
6627_01,11
6629_01,11
6632_01,11
6636_01,15
6640_01,17
6644_01,15
6648_01,8
6651_01,8
6653_01,11
6657_01,15
6658_01,11
6658_02,11
6658_03,13
6661_01,13
6666_01,8
6677_01,8
6678_01,13
6678_02,3
6679_01,15
6682_01,11
6682_02,13
6685_01,0
6686_01,18
6687_01,13
6688_01,1
6689_01,11
6689_02,11
6690_01,15
6695_01,11
6696_01,16
6700_01,15
6700_02,15
6701_01,1
6703_01,11
6704_01,3
6705_01,11
6710_01,15
6712_01,16
6714_01,15
6715_01,16
6716_01,16
6717_01,17
6723_01,18
6728_01,17
6732_01,11
6733_01,11
6735_01,11
6737_01,15
6738_01,13
6738_02,3
6740_01,11
6743_01,11
6752_01,16
6752_02,15
6752_03,11
6755_01,11
6759_01,8
6767_01,13
6767_02,11
6768_01,15
6769_01,11
6770_01,17
6770_02,17
6770_03,17
6771_01,11
6772_01,15
6772_02,11
6777_01,17
6781_01,17
6783_01,15
6785_01,15
6790_01,8
6791_01,0
6793_01,18
6793_02,1
6795_01,12
6797_01,11
6803_01,11
6804_01,11
6807_01,11
6807_02,15
6809_01,16
6811_01,8
6812_01,15
6812_02,15
6815_01,11
6819_01,15
6819_02,8
6819_03,5
6823_01,8
6828_01,15
6830_01,8
6835_01,8
6835_02,16
6836_01,15
6838_01,1
6838_02,6
6838_03,6
6842_01,11
6845_01,17
6846_01,15
6847_01,18
6849_01,7
6852_01,8
6852_02,11
6855_01,11
6856_01,13
6860_01,11
6867_01,11
6870_01,12
6872_01,15
6874_01,8
6875_01,18
6875_02,13
6875_03,18
6876_01,11
6876_02,5
6876_03,5
6877_01,11
6878_01,11
6881_01,13
6884_01,15
6886_01,8
6888_01,18
6888_02,1
6888_03,1
6888_04,12
6890_01,16
6897_01,16
6904_01,15
6904_02,15
6904_03,15
6909_01,1
6914_01,15
6916_01,1
6919_01,8
6922_01,8
6923_01,11
6927_01,15
6933_01,17
6933_02,1
6935_01,11
6936_01,13
6936_02,13
6936_03,11
6938_01,15
6941_01,15
6942_01,15
6948_01,15
6952_01,1
6953_01,11
6955_01,11
6956_01,11
6958_01,11
6959_01,11
6959_02,5
6959_03,5
6961_01,18
6961_02,6
6965_01,11
6969_01,13
6974_01,11
6975_01,13
6983_01,11
6983_02,13
6986_01,5
6986_02,14
6986_03,5
6986_04,14
6986_05,14
6986_06,14
6986_07,14
6986_08,14
6989_01,15
6993_01,11
7000_01,11
7003_01,11
7009_01,13
7009_02,13
7012_01,11
7023_01,16
7024_01,0
7030_01,15
7033_01,11
7035_01,8
7043_01,8
7046_01,7
7046_02,18
7046_03,18
7054_01,18
7054_02,17
7055_01,11
7063_01,11
7063_02,16
7064_01,8
7065_01,3
7066_01,11
7066_02,15
7067_01,5
7067_02,5
7067_03,11
7070_01,18
7075_01,16
7076_01,15
7081_01,4
7081_02,17
7100_01,18
7100_02,12
7101_01,7
7101_02,18
7102_01,1
7103_01,13
7103_02,5
7107_01,8
7108_01,18
7112_01,11
7115_01,11
7122_01,11
7123_01,16
7124_01,1
7124_02,17
7124_03,18
7125_01,8
7129_01,11
7130_01,15
7130_02,5
7130_03,14
7130_04,14
7130_05,14
7130_06,14
7130_07,14
7131_01,11
7135_01,15
7135_02,11
7135_03,8
7135_04,14
7136_01,15
7138_01,11
7139_01,18
7141_01,8
7145_01,11
7146_01,11
7147_01,17
7150_01,16
7150_02,15
7153_01,11
7154_01,11
7158_01,11
7163_01,1
7163_02,17
7163_03,7
7164_01,8
7169_01,15
7172_01,13
7172_02,13
7174_01,11
7178_01,11
7183_01,3
7185_01,1
7195_01,15
7196_01,11
7198_01,8
7201_01,11
7204_01,11
7209_01,1
7209_02,18
7211_01,13
7212_01,11
7213_01,8
7220_01,18
7222_01,11
7223_01,11
7228_01,15
7231_01,11
7237_01,15
7239_01,15
7241_01,1
7241_02,7
7243_01,5
7243_02,5
7243_03,5
7243_04,14
7243_05,14
7244_01,8
7245_01,11
7248_01,2
7248_02,2
7251_01,8
7254_01,16
7262_01,2
7263_01,11
7264_01,11
7265_01,16
7266_01,15
7266_02,15
7266_03,5
7269_01,2
7269_02,15
7272_01,8
7275_01,8
7281_01,18
7282_01,8
7286_01,13
7287_01,1
7288_01,11
7291_01,15
7293_01,16
7294_01,15
7295_01,16
7295_02,16
7299_01,11
7308_01,1
7312_01,13
7315_01,15
7316_01,2
7317_01,11
7318_01,8
7319_01,8
7319_02,8
7319_03,2
7325_01,16
7329_01,18
7329_02,12
7329_03,18
7333_01,16
7335_01,8
7345_01,2
7348_01,13
7348_02,5
7348_03,5
7349_01,15
7352_01,8
7354_01,1
7354_02,1
7354_03,1
7354_04,6
7354_05,1
7354_06,18
7355_01,13
7357_01,15
7362_01,15
7363_01,15
7364_01,15
7368_01,3
7369_01,2
7373_01,1
7373_02,1
7375_01,16
7378_01,2
7380_01,1
7380_02,1
7380_03,18
7380_04,1
7381_01,8
7382_01,8
7383_01,15
7383_02,2
7384_01,16
7386_01,15
7389_01,2
7397_01,1
7400_01,2
7404_01,15
7407_01,16
7409_01,16
7409_02,11
7412_01,17
7413_01,15
7413_02,5
7414_01,13
7415_01,11
7417_01,11
7417_02,11
7420_01,2
7421_01,8
7421_02,2
7423_01,2
7423_02,2
7424_01,15
7426_01,1
7426_02,1
7426_03,17
7433_01,8
7434_01,16
7439_01,18
7439_02,17
7440_01,16
7441_01,1
7443_01,8
7451_01,2
7454_01,8
7463_01,16
7465_01,16
7466_01,11
7467_01,16
7468_01,16
7469_01,16
7470_01,11
7471_01,11
7471_02,11
7473_01,11
7473_02,11
7474_01,11
7476_01,11
7480_01,11
7482_01,2
7482_02,2
7489_01,11
7489_02,2
7489_03,11
7491_01,11
7493_01,2
7497_01,11
7511_01,11
7516_01,2
7519_01,2
7526_01,1
7528_01,11
7528_02,11
7528_03,11
7528_04,14
7530_01,17
7530_02,18
7530_03,18
7530_04,7
7532_01,11
7537_01,11
7539_01,1
7539_02,18
7540_01,2
7541_01,11
7541_02,11
7541_03,3
7546_01,12
7547_01,2
7548_01,2
7551_01,8
7554_01,11
7555_01,0
7556_01,1
7556_02,17
7556_03,18
7556_04,17
7557_01,2
7557_02,2
7557_03,2
7558_01,12
7558_02,2
7562_01,11
7564_01,11
7566_01,18
7570_01,1
7570_02,4
7571_01,13
7575_01,11
7581_01,18
7582_01,5
7582_02,5
7582_03,5
7582_04,2
7582_05,14
7587_01,2
7589_01,8
7590_01,11
7591_01,16
7591_02,2
7593_01,17
7597_01,5
7597_02,5
7597_03,2
7597_04,14
7597_05,14
7597_06,14
7597_07,14
7600_01,17
7600_02,12
7602_01,0
7603_01,2
7607_01,2
7610_01,11
7610_02,11
7611_01,2
7611_02,2
7612_01,11
7612_02,11
7613_01,1
7615_01,11
7617_01,2
7619_01,11
7629_01,11
7629_02,8
7629_03,5
7636_01,16
7637_01,5
7637_02,13
7637_03,5
7638_01,11
7642_01,2
7645_01,17
7648_01,2
7651_01,2
7653_01,11
7654_01,1
7655_01,11
7657_01,8
7658_01,18
7659_01,11
7662_01,2
7663_01,11
7664_01,8
7668_01,2
7672_01,7
7673_01,2
7674_01,2
7675_01,2
7681_01,3
7685_01,11
7686_01,11
7695_01,2
7701_01,11
7704_01,11
7706_01,18
7718_01,1
7722_01,2
7725_01,1
7726_01,11
7730_01,8
7732_01,16
7733_01,11
7734_01,2
7735_01,11
7737_01,11
7740_01,2
7740_02,11
7745_01,11
7750_01,11
7756_01,11
7758_01,11
7759_01,11
7762_01,16
7765_01,5
7765_02,11
7765_03,11
7766_01,11
7772_01,11
7779_01,18
7781_01,8
7792_01,17
7792_02,1
7792_03,17
7792_04,18
7792_05,17
7794_01,13
7795_01,2
7795_02,16
7796_01,11
7798_01,16
7798_02,2
7799_01,11
7804_01,16
7807_01,8
7811_01,3
7814_01,2
7817_01,11
7819_01,11
7822_01,18
7823_01,11
7825_01,2
7825_02,2
7825_03,2
7826_01,17
7827_01,1
7836_01,8
7838_01,1
7844_01,12
7846_01,6
7846_02,17
7854_01,11
7855_01,16
7857_01,8
7860_01,16
7862_01,11
7867_01,2
7869_01,2
7874_01,2
7874_02,0
7876_01,3
7880_01,1
7880_02,18
7887_01,11
7893_01,1
7893_02,17
7893_03,17
7893_04,17
7893_05,1
7896_01,2
7898_01,2
7900_01,2
7906_01,11
7909_01,2
7909_02,16
7911_01,11
7912_01,16
7915_01,3
7915_02,13
7915_03,3
7917_01,11
7921_01,2
7921_02,13
7923_01,2
7925_01,2
7927_01,8
7927_02,11
7927_03,11
7928_01,11
7931_01,0
7932_01,11
7933_01,2
7934_01,2
7934_02,2
7934_03,2
7938_01,11
7942_01,16
7942_02,5
7948_01,16
7951_01,17
7953_01,2
7956_01,11
7959_01,2
7961_01,13
7963_01,2
7963_02,2
7963_03,11
7964_01,2
7965_01,11
7966_01,16
7969_01,11
7971_01,17
7971_02,18
7975_01,2
7977_01,3
7978_01,11
7978_02,2
7979_01,13
7980_01,2
7991_01,18
7991_02,18
7991_03,17
7991_04,1
7992_01,2
7997_01,8
7998_01,18
7998_02,1
7998_03,17
7998_04,17
8001_01,16
8002_01,2
8008_01,2
8009_01,8
8011_01,3
8013_01,16
8017_01,11
8022_01,11
8028_01,2
8033_01,16
8039_01,18
8039_02,1
8040_01,3
8041_01,18
8041_02,17
8044_01,1
8045_01,2
8047_01,17
8048_01,18
8051_01,11
8051_02,11
8061_01,11
8061_02,2
8062_01,11
8065_01,2
8070_01,13
8073_01,11
8074_01,11
8080_01,13
8090_01,11
8093_01,16
8095_01,2
8096_01,2
8099_01,11
8100_01,16
8101_01,2
8104_01,2
8109_01,2
8110_01,2
8111_01,11
8113_01,8
8113_02,5
8113_03,5
8113_04,14
8114_01,2
8125_01,17
8125_02,18
8126_01,2
8127_01,18
8132_01,0
8134_01,13
8142_01,17
8145_01,11
8146_01,11
8151_01,2
8154_01,2
8155_01,2
8160_01,11
8163_01,3
8166_01,11
8169_01,2
8170_01,1
8172_01,2
8174_01,8
8179_01,1
8180_01,2
8181_01,13
8181_02,2
8181_03,2
8183_01,16
8184_01,11
8185_01,2
8187_01,11
8188_01,2
8193_01,8
8195_01,1
8196_01,2
8196_02,11
8198_01,11
8201_01,1
8206_01,2
8215_01,12
8223_01,11
8228_01,11
8230_01,2
8234_01,18
8236_01,17
8240_01,18
8241_01,11
8245_01,11
8245_02,11
8246_01,3
8249_01,2
8250_01,11
8253_01,2
8256_01,18
8258_01,2
8262_01,13
8263_01,2
8269_01,16
8274_01,11
8278_01,11
8283_01,17
8284_01,8
8284_02,2
8285_01,11
8286_01,1
8290_01,2
8293_01,6
8296_01,2
8299_01,16
8304_01,2
8304_02,2
8304_03,2
8305_01,1
8305_02,17
8305_03,1
8308_01,2
8309_01,18
8311_01,16
8312_01,2
8325_01,11
8325_02,2
8327_01,8
8331_01,2
8337_01,2
8340_01,18
8340_02,12
8340_03,18
8347_01,8
8349_01,0
8350_01,12
8351_01,13
8352_01,2
8353_01,2
8355_01,17
8357_01,4
8357_02,17
8358_01,16
8359_01,16
8361_01,18
8361_02,18
8361_03,17
8361_04,17
8361_05,18
8364_01,8
8367_01,11
8370_01,18
8370_02,18
8372_01,1
8385_01,2
8385_02,12
8385_03,2
8387_01,16
8389_01,8
8391_01,3
8396_01,2
8399_01,8
8400_01,2
8400_02,11
8400_03,8
8402_01,1
8402_02,1
8402_03,1
8408_01,2
8408_02,8
8412_01,2
8413_01,11
8415_01,2
8417_01,2
8422_01,16
8424_01,2
8425_01,11
8425_02,11
8426_01,11
8426_02,13
8428_01,16
8434_01,1
8435_01,2
8436_01,2
8439_01,11
8440_01,2
8440_02,2
8440_03,2
8443_01,3
8443_02,2
8445_01,8
8445_02,11
8445_03,5
8446_01,12
8450_01,2
8450_02,2
8450_03,2
8453_01,2
8455_01,18
8461_01,4
8464_01,2
8464_02,2
8473_01,11
8473_02,11
8478_01,11
8478_02,16
8484_01,2
8485_01,8
8488_01,18
8490_01,13
8496_01,2
8497_01,11
8498_01,2
8499_01,8
8501_01,8
8505_01,2
8507_01,18
8510_01,13
8510_02,2
8513_01,11
8515_01,2
8517_01,17
8517_02,1
8518_01,11
8519_01,11
8520_01,2
8520_02,11
8525_01,18
8525_02,1
8526_01,13
8526_02,13
8527_01,11
8529_01,2
8531_01,11
8532_01,2
8533_01,11
8534_01,11
8534_02,8
8534_03,11
8534_04,2
8538_01,2
8543_01,2
8543_02,8
8543_03,2
8543_04,14
8543_05,14
8543_06,14
8543_07,14
8543_08,14
8546_01,11
8547_01,2
8550_01,2
8553_01,13
8555_01,8
8555_02,2
8555_03,5
8558_01,11
8562_01,2
8563_01,2
8564_01,2
8565_01,11
8565_02,11
8565_03,11
8567_01,18
8567_02,18
8567_03,18
8568_01,17
8568_02,17
8575_01,11
8576_01,0
8578_01,2
8579_01,17
8582_01,11
8583_01,2
8583_02,2
8590_01,2
8591_01,2
8593_01,2
8600_01,11
8601_01,11
8608_01,8
8621_01,16
8622_01,2
8625_01,2
8627_01,2
8630_01,2
8632_01,11
8632_02,11
8647_01,2
8648_01,8
8648_02,2
8648_03,11
8649_01,2
8651_01,2
8652_01,2
8655_01,2
8660_01,2
8662_01,2
8665_01,11
8666_01,11
8676_01,2
8677_01,18
8677_02,12
8677_03,18
8678_01,11
8678_02,2
8679_01,11
8682_01,18
8686_01,18
8689_01,11
8690_01,2
8690_02,13
8692_01,17
8692_02,18
8692_03,1
8697_01,8
8698_01,11
8699_01,8
8702_01,13
8705_01,2
8706_01,11
8707_01,11
8711_01,12
8713_01,18
8713_02,17
8715_01,11
8718_01,11
8724_01,2
8725_01,11
8726_01,2
8730_01,18
8731_01,0
8737_01,2
8738_01,11
8739_01,2
8740_01,0
8742_01,16
8745_01,11
8746_01,8
8747_01,2
8747_02,13
8748_01,13
8748_02,2
8756_01,18
8758_01,18
8758_02,4
8761_01,13
8763_01,11
8763_02,2
8763_03,8
8765_01,13
8767_01,18
8767_02,18
8768_01,16
8768_02,11
8768_03,2
8775_01,3
8777_01,16
8778_01,2
8778_02,2
8784_01,2
8788_01,2
8792_01,2
8793_01,18
8793_02,1
8793_03,17
8793_04,18
8793_05,1
8795_01,2
8800_01,5
8800_02,5
8800_03,5
8800_04,14
8800_05,14
8803_01,11
8804_01,2
8804_02,2
8804_03,2
8804_04,2
8804_05,2
8810_01,12
8814_01,11
8829_01,11
8832_01,2
8837_01,11
8839_01,18
8839_02,18
8846_01,6
8846_02,18
8847_01,11
8851_01,11
8855_01,16
8857_01,11
8859_01,13
8866_01,2
8870_01,2
8870_02,2
8873_01,1
8873_02,7
8873_03,17
8875_01,5
8875_02,18
8875_03,1
8877_01,1
8877_02,1
8879_01,11
8882_01,16
8887_01,0
8888_01,2
8893_01,17
8893_02,17
8895_01,1
8895_02,18
8898_01,16
8908_01,8
8909_01,2
8911_01,12
8912_01,8
8913_01,11
8913_02,5
8913_03,11
8914_01,16
8915_01,11
8916_01,11
8917_01,11
8921_01,1
8924_01,17
8925_01,1
8925_02,5
8925_03,17
8925_04,18
8925_05,1
8925_06,18
8927_01,4
8929_01,2
8931_01,2
8933_01,3
8934_01,6
8935_01,2
8936_01,12
8943_01,2
8946_01,8
8949_01,2
8950_01,11
8951_01,18
8952_01,2
8953_01,2
8957_01,11
8958_01,11
8960_01,11
8960_02,11
8960_03,5
8962_01,2
8963_01,3
8965_01,13
8971_01,1
8974_01,17
8979_01,12
8980_01,13
8980_02,13
8980_03,14
8980_04,13
8980_05,13
8980_06,14
8980_07,14
8984_01,16
8990_01,11
8991_01,2
8994_01,2
8994_02,2
8995_01,13
9000_01,11
9002_01,11
9005_01,11
9016_01,18
9016_02,18
9016_03,7
9016_04,17
9016_05,18
9017_01,11
9022_01,2
9022_02,2
9022_03,2
9025_01,11
9025_02,5
9027_01,2
9033_01,11
9039_01,11
9040_01,11
9044_01,2
9045_01,2
9045_02,13
9047_01,2
9050_01,11
9051_01,11
9053_01,17
9053_02,12
9054_01,11
9055_01,2
9056_01,18
9058_01,13
9062_01,2
9062_02,3
9063_01,17
9065_01,2
9067_01,11
9067_02,11
9070_01,16
9070_02,2
9082_01,11
9083_01,2
9083_02,3
9086_01,11
9086_02,2
9087_01,2
9088_01,0
9090_01,11
9091_01,2
9092_01,2
9093_01,7
9095_01,11
9096_01,11
9096_02,8
9100_01,16
9102_01,2
9105_01,11
9109_01,11
9113_01,2
9117_01,16
9121_01,2
9123_01,2
9133_01,11
9135_01,8
9138_01,16
9143_01,11
9143_02,2
9143_03,11
9146_01,2
9146_02,13
9146_03,2
9147_01,11
9153_01,11
9154_01,11
9155_01,18
9155_02,18
9155_03,1
9155_04,1
9162_01,1
9162_02,18
9162_03,18
9166_01,17
9171_01,18
9177_01,17
9177_02,17
9182_01,2
9187_01,13
9187_02,2
9191_01,11
9198_01,18
9200_01,8
9204_01,2
9206_01,18
9206_02,18
9206_03,17
9207_01,18
9209_01,2
9210_01,2
9212_01,2
9212_02,11
9214_01,6
9215_01,1
9216_01,2
9223_01,3
9223_02,3
9228_01,2
9229_01,10
9232_01,11
9236_01,2
9238_01,2
9238_02,5
9238_03,2
9238_04,2
9238_05,14
9238_06,14
9238_07,14
9240_01,16
9243_01,18
9245_01,2
9249_01,11
9255_01,2
9258_01,1
9260_01,2
9262_01,2
9263_01,11
9265_01,19
9266_01,2
9266_02,11
9269_01,16
9271_01,17
9273_01,18
9277_01,8
